Name,Label
1qaz2wsx*098765,1
UjmUJMNhY,1
654321yhnmju,1
edc1qaz2wsx,1
wsxedcqaz,1
%poiuy098765#,1
$zxcvbnplmokn!,1
!Q@W#E!@#$%^,1
qwerasdfzxcvbn,1
1q2w331q2w33,1
!1qaz2wsxol.*,1
"ik,a;s'd723",1
7gbmnbvc,1
@qazwsxa;s'd*,1
qazwsxl;@'k,1
ZXCVBNASDFGH,1
Asdfghqwerasdf,1
plmoknujmnhy237,1
wsxedcp;/208,1
0987650P9o8i,1
p01uy1q@z2w$x,1
0p9081p01uy,1
cvbnmzaq,1
qw3r7yqw3r7y,1
ghjklnbvcxz,1
poiuywsx,1
Zxcvbnzxcvbn,1
1qaz2wsxa;s'd,1
ujMnhYqWEasd,1
lkjhgplmokn95,1
plmoknedc81,1
123456asdfGh,1
Qwerty3edc,1
qwerasdfwsxedc,1
sdfghjzxcvbn%m,1
zxcvbnmqazwsx,1
Edc123456,1
mnbvcedc,1
qaz0p9^o8i,1
lk#jhgyhn,1
mnbvcplm0kn,1
a;s'dp;/,1
UJMQWERASDF,1
k';lyhnmju,1
517qaz0p9o8i,1
#EDC)(*&^%,1
Qwerasdftgb,1
qwea@sdujm,1
"Zxcvbnmik,",1
65098765poiuy,1
P;/0p9O8i,1
l;'k33dc,1
"0987651k,",1
poiuywsx2021,1
098765zxcvbn,1
098765qaz,1
3EdCujmNhY,1
Ujmzxcvbnm,1
Rfvqwerty,1
!plmoknmnbvc&,1
tgbplmokn749,1
as#dfghpoiuy,1
$qazwsxujmnhy#,1
plmoknrfv2021,1
0p9o8iujmnhy,1
575wsxedcol.,1
a;s'dqazwsx922,1
mnbvcqazwsx114,1
edcpoiuy2020,1
1qaz2wsxujm,1
33dczxcvbnm,1
Poiuytgb,1
asdfghplmokn346,1
ASDFGH!QAZ@WSX,1
mnbvcxzytrewq,1
ghjklxsw2zaq1,1
QWEASDOL.,1
A;S'DRFV,1
RFVA;S'D,1
oL.A;S'd,1
123456qw3r@$df,1
0p9o8!i3edc,1
yuiopzaq,1
&qwertysdfghj^,1
Mnbvcqwerty,1
qwerasdfzxcvbnm,1
asdFghqweasd,1
mnbvcqazwsx298,1
r&fv1q2w3e,1
7gbqw3r7y,1
qazqazwsx2021,1
uj&mlkjhg,1
p;/0p9o8i,1
836ujmnhywsx,1
567890/;p,1
106p;/1q2w3e,1
q@zlkjhg,1
Qazwsxujm,1
940qaz0p9o8i,1
wsxedcp;/437,1
1q@z2w$xq@z,1
rfvzxcvb#n,1
qweasdqwerasdf,1
953a;s'dsdfghj,1
UJMZXCVBNM,1
d's;a/;p,1
plmokna%sdfgh,1
tgBmnbvc,1
0987651q2w3e,1
uJMqWeRTY,1
asdfghwsxedc118,1
0p90810p9081,1
&tgbmnbvc#,1
"wsxedcik,2023",1
85lkjhgp;/,1
*ujmnhyzxcvbn&,1
"IK,QWERASDF",1
098765plmokn731,1
Wsxedcyhn,1
246123456tgb,1
098765zXCvbn,1
yHNa;S'd,1
Zxcvbnlkjhg,1
sdfghjasdfgh688,1
RFVZxcVbNm,1
726wsx0p9o8i,1
Sdfghjrfv,1
LKJHGMNBVC,1
27mnbvcqwerty,1
Mnbvcyhn,1
QwEasD1Q2W3E,1
poiuy1qaz2wsx80,1
567890bgt,1
hgfdsahgfdsa,1
poiUYedc,1
plmokntgb,1
909123456zxcvbn,1
ZxcvBnwSXEDc,1
a;s'd1q2w$3e,1
*plmoknwsxedc#,1
QAZWSXPLMOKN,1
1qaz2wsxrfv,1
sdfghjwsxedc418,1
L;'KMNBVC,1
ol.zxcvbn,1
poi$uyol.,1
"IK,ASDFGH",1
828ujma;s'd,1
qAzwsXa;S'D,1
P;/qWerasDF,1
1q2w3ewsx,1
pOiuyplMokN,1
mnbvcwsxedc2024,1
3211q2w3erfv,1
QwertyujmNhy,1
#lkjhg1qaz2wsx%,1
yhnpoi!uy,1
/;pcdexsw,1
A;S'DPLMOKN,1
plmoknqa!zwsx,1
qwerasdf1q2w3e,1
623a;s'dsdfghj,1
Asdfghwsx,1
!qwerasdfl;'k^,1
wsxpoiuy,1
qaz1qaz2wsx2022,1
yhnQAZWsX,1
w^sxqwerasdf,1
qazwsxqweasd952,1
ghjklcvbnm,1
Wsxedcsdfghj,1
mnbvctg#b,1
ol.qwerty2023,1
"^ik,wsxedc@",1
vfrmnbvcxz,1
yhn1qaz2wsx,1
ujmnhy098765436,1
a;s'dlkjhg,1
MNbvcQWEASd,1
Ol.qwerty,1
sdfghjsdfghj,1
!QAZ@WSXL;'K,1
tgbpoiuy2025,1
525rfvujmnhy,1
QWEASdQWeRty,1
1q2w3eujm2023,1
a;s'dTgb,1
cdexswxsw2zaq1,1
uJmNHyasdfGh,1
p;/@$dfgh,1
*qazwsxl;'k*,1
nhyyuiop,1
098765rfv2021,1
"0P9o8iIK,",1
33asdfgh098765,1
)(*&^%P;/,1
"1k,plm0kn",1
0p9o8imnbvc,1
@$dfgh0p9081,1
sdf#ghjwsxedc,1
wsxedcedc,1
zxcvbnplmokn397,1
Rfv098765,1
wsxedcyhn728,1
zxcvbn3edc2021,1
QAZWSXQWERTY,1
TGBASDFGH,1
wsxsdfghj2023,1
567890vfr,1
0p9o8i1qaz2wsx,1
"qwerasdfik,",1
ujmqwerty746,1
392qwerasdftgb,1
poiuyujm2025,1
l;'kl;'k237,1
QWERTYZXCVBNM,1
qaz0987652025,1
/;pfdsarewq,1
713yhn123456,1
123456edc,1
^1qaz2wsxtgb#,1
xswdsaewq,1
123456poiuy,1
)(*&^%TGB,1
"i8o9p0,ki",1
*qwertyp;/%,1
^qwerasdfwsx&,1
*098765poiuy*,1
SDFGHJL;'K,1
1QaZ2wsXQWErty,1
rfv1q2w3e2021,1
0p9o8iujm,1
)P(O*IUJM,1
qwEAsDyHN,1
ZXCVBNASDFGH,1
"ik,qweasd858",1
462l;'kujmnhy,1
qweasdqwerasdf,1
453tgbqazwsx,1
1q2w3epoiuy249,1
Qazwsxqazwsx,1
%yhn1qaz2wsx!,1
^qwerasdftgb&,1
tgbzxcvbn,1
$dfghj0l.,1
QWERASDFUJMNHY,1
qweasdlKjhG,1
poiuypoiuy,1
zxcvbnm1qaz2wsx,1
7gbplm0kn,1
717098765qwerty,1
zxcvbnm12345636,1
qWerASdF3Edc,1
mnbvc1qaz2wsx,1
edcmnbvc2020,1
ol.lkjhg,1
yhnmju/;p,1
w$x3dcplm0kn,1
qwertyqaz2020,1
PLMoknEdc,1
ytrewqi8o9p0,1
qwerasdfrfv2020,1
jhgfdsk';l,1
POIUYLKJHG,1
098765lkJhG,1
sdfghjqaz2023,1
ol.zxcvbn2023,1
xswzaqytrewq,1
qWeASDLKJhg,1
tgbqazwsx2024,1
po^iuyol.,1
L;'KPlmOkN,1
Qwerasdf0p9o8i,1
qwertyasdfgh,1
$0p9o8i3edc*,1
QweASDplMokN,1
%qweasdqaz%,1
rfvujmnhy,1
yhn1q2w3e2024,1
MNBVC#EDC,1
^wsxqweasd#,1
l;'k$dfghj,1
zxcvbnqwerty,1
tgBuJmnhY,1
lkjhg0987652021,1
QWERASDFP;/,1
ujmujmnhy,1
Qazwsxtgb,1
yhn123456549,1
899lkjhg3edc,1
1q2w3ewsxedc,1
638qweasdqweasd,1
0987651q#2w3e,1
qw3@$d7gb,1
wsxqwera^sdf,1
33dc1q@z2w$x,1
$l;'kqazwsx%,1
zxCvbnyhn,1
zxcvbnml;'k,1
567890mnbvcxz,1
sdfghj1q2w3e,1
33ujmnhyyhn,1
48tgbqazwsx,1
qw3r7yqw3r7y,1
098765123456,1
Zxcvbnmyhn,1
"2001q2w3eik,",1
LKJHGQAZ,1
"ik,qwera@sdf",1
lkjhgujm939,1
qwerasDfUjmNhy,1
Lkjhg098765,1
WSXEDC)P(O*I,1
ujmnhy3edc2022,1
l;'kqazwsx329,1
$lkjhgqazwsx*,1
Qweasd0p9o8i,1
vfrnkomlp,1
1q2w3eol&.,1
qw3r@$dfplm0kn,1
&098765poiuy@,1
0p9o8iujmnhy,1
poiuyl;'k,1
e3w2q1mnbvcxz,1
435zxcvbnwsx,1
Qwertyzxcvbn,1
qwerty098765413,1
p;/aSdFGH,1
8623edcujmnhy,1
qazasdfgh925,1
zxcvbnmqw3r7y,1
wsxedcp;/,1
PLMOKN!@#$%^,1
3edcasDfgh,1
123456lkjhg,1
edc0p9o8%i,1
899l;'k098765,1
QWERASDF#EDC,1
$dfghj0l.,1
plmoknl;'k,1
fdsarewqxsw,1
poiuy^zxcvbnm,1
cvbnmcdexsw,1
rfvwsxedc527,1
lkjhgl;'k2023,1
lkjhglkjhg,1
qw3r7y@$dfgh,1
"wsxedcik,57",1
*poiuyqazwsx&,1
ol#.1q2w3e,1
a;s'dmnbvc691,1
qwerasdf123456,1
qweRaSdfUjm,1
l;'k3edc,1
3edcqazwsx,1
1234%561q2w3e,1
098765ujm,1
qaz*qazwsx,1
1q2w33rfv,1
QWEaSdUJM,1
A;S'DQWERTY,1
654321yhnmju,1
1q^az2wsxujm,1
1q2w3el;'k,1
ghjklcde3,1
.loe3w2q1,1
lkjhg@$dfgh,1
RFVZXCVBN,1
1q2w3eqwea^sd,1
"Ik,zxcvbnm",1
"w$x3dc1k,",1
443wsxqwerty,1
"*wsxedcik,!",1
mnbvc3edc2024,1
",kihgfdsa",1
QWERASDFZXCVBNM,1
ASDFGH!QAZ@WSX,1
"Asdfghik,",1
^l;'kujmnhy!,1
)P(O*IYHN,1
zxcvb&nmqaz,1
^edcpoiuy%,1
lkjhgp01uy,1
Yhnqwerasdf,1
nkomlpnhy,1
"hgfdsa,ki",1
Ujmwsxedc,1
0p9o8ied^c,1
1qaz2wsxwsxedc,1
uj$mnhya;s'd,1
$asdfgh098765&,1
a;s'dy!hn,1
yhnmjud's;a,1
hgfdsankomlp,1
128ujmlkjhg,1
"Ik,a;S'd",1
lkjhgzxcvbnm,1
mnbvcol.,1
ujm!nhyzxcvbn,1
m$nbvca;s'd,1
!qwerasdflkjhg&,1
745a;s'dol.,1
$0p9o8iqwerty^,1
"SDFGHJIK,",1
307zxcvbnmmnbvc,1
SDfghjtGb,1
$dfghj123456,1
3edc098765,1
1qaz2wsxsdf@ghj,1
1q2w3e123456,1
1qa&z2wsxwsx,1
0p9o8iplmokn857,1
Qazsdfghj,1
^zxcvbnmasdfgh&,1
@edc123456#,1
w#sxedc098765,1
^sdfghj3edc$,1
ASDFGHQAZ,1
l;'kplmokn429,1
!wsxedcedc$,1
261098765p;/,1
473p;/1q2w3e,1
3edcmnbvc866,1
1qaz2wsxol.2024,1
qazwsxp;/2021,1
0p9o8isdfghj,1
lkjhgujm,1
1234560p9o8i,1
3edc123456,1
&0p9o8ilkjhg@,1
Zxcvbnwsxedc,1
qw3@$d1q2w33,1
zxcvbnmrfv2024,1
832qazwsxasdfgh,1
7gbujmnhy,1
$p;/mnbvc!,1
$dfghj098765,1
%tgbujmnhy$,1
p01uy$dfghj,1
xswjhgfds,1
1qaz2wsxrfv779,1
"ytrewq,ki",1
jhgfdsvfr,1
1q2w3ews%x,1
WSXEDC!@#$%^,1
3EdCLKJHG,1
plmo^knzxcvbnm,1
",kifdsarewq",1
828a;s'd1q2w3e,1
TGB)P(O*I,1
532wsxedcsdfghj,1
mnbvcmnbvc,1
#plmokn0p9o8i*,1
WSXZXCVBNM,1
p;/zxcvbnm2022,1
asDfgh123456,1
q^werasdfqwerty,1
"ik,lkj*hg",1
*123456lkjhg%,1
0p9o8i1qaz2wsx,1
#asdfgh1q2w3e$,1
"654321,ki",1
plmoknqwerasdf,1
OL.QWEASD,1
a;s'dasdfgh434,1
890asdfgh123456,1
654321i8o9p0,1
38lkjhg123456,1
QAZWSXRFV,1
230qazqwerty,1
"@mnbvcik,&",1
Qweasdyhn,1
qwerasdfo&l.,1
7gbqw3r@$df,1
0p9o8ipoiuy910,1
qw3r@$df$dfghj,1
lkjhgmnbvc,1
0p9o8iplmokn,1
ZXCVBNM!@#$%^,1
wsxed$c3edc,1
mnbvcxzcvbnm,1
"942qweasdik,",1
TGB0p9O8I,1
p01uy$dfghj,1
plmoknedc,1
Rfvlkjhg,1
P;/QAZWSX,1
5553edczxcvbnm,1
Qweasd1q2w3e,1
!qwertyqwerty@,1
0p9o8iQweRAsdf,1
i8o9p0yuiop,1
#EDCMNBVC,1
MnBvcpOiUY,1
LKJHG!@#$%^,1
A;S'dLkjhG,1
488poiuywsx,1
asdfghqwerty,1
QWEASDZXCVBNM,1
mnbvcxzcvbnm,1
Ol.1Qaz2Wsx,1
"ik,123456225",1
lkjh*g0p9o8i,1
a;s'dujm2021,1
1qaz2wsxqaz,1
"^wsxedcik,&",1
sdf^ghjol.,1
POIUYQWERASDF,1
Zxcvbnrfv,1
#wsxqwerasdf@,1
zaqxsw2zaq1,1
!1qaz2wsxrfv@,1
p@oiuyqwerasdf,1
265rfva;s'd,1
Qazwsxa;s'd,1
1qaz2wsxzxcvbn,1
Qazujmnhy,1
qazqwerty,1
3dcplm0kn,1
plmoknlkjhg198,1
^zxcvbnmujmnhy$,1
l;'kplm0kn,1
!sdfghjqazwsx!,1
a;s'd$qaz,1
nhyghjkl,1
QWEASD#EDC,1
RFVPOIUY,1
qazzxcvbn972,1
mnbvcyhn,1
3edczxcvbnm,1
A;s'DqwerASdF,1
mnBvcqWeasd,1
qazwsxqwerasdf,1
!@#$%^TGB,1
1q2w3eqazwsx,1
11plmokn0p9o8i,1
654321nkomlp,1
0p9o8iujmnhy,1
283wsxa;s'd,1
@lkjhg0p9o8i@,1
1qaz2wsxrfv,1
lkjhgwsx984,1
qw3r@$dfyhn,1
OL.PLMOKN,1
123456098765,1
nkomlpnkomlp,1
@;$'dlkjhg,1
QAZWSXSDFGHJ,1
qwertyyhn2023,1
098765098765192,1
QAZZXCVBN,1
Lkjhga;s'd,1
wsxujmnhy,1
zxcvbnm3edc504,1
EDC!QAZ@WSX,1
r#fv123456,1
qazwsx!a;s'd,1
#098765sdfghj#,1
",kie3w2q1",1
"*ik,lkjhg$",1
A;s'DP;/,1
fdsarewqd's;a,1
343ujmnhywsx,1
Lkjhgplmokn,1
QwEasDEdc,1
zxcvbn0*98765,1
l;'kl;'k,1
3edcqweasd,1
930sdfghj098765,1
qw3r7y33dc,1
plm*oknplmokn,1
#rfvasdfgh^,1
*qwerty1q2w3e&,1
ol.mnbv@c,1
@;$'drfv,1
UJMNHYQWERTY,1
A;S'DOL.,1
zxcvbnyhn2025,1
"Ik,1q2w3e",1
1q@z2w$x3dc,1
Lkjhg0p9o8i,1
166asdfghtgb,1
l;'kwsxedc2020,1
0p9o8ilkjhg2020,1
p;/qweasd2025,1
qwerasdfqaz,1
140qazzxcvbn,1
qwerty1qaz2ws@x,1
^qazmnbvc#,1
qwerasdf*wsx,1
nkomlp/;p,1
qazwsxwsx2022,1
098765qazwsx,1
asdfghrfv669,1
A;s'd0p9o8i,1
i8o9p0/;p,1
p;/123456647,1
asdfgh098765,1
Tgbwsxedc,1
Tgbqwerty,1
A;S'D!@#$%^,1
!Q@W#E!QAZ@WSX,1
Zxcvbnmwsx,1
Poiuyedc,1
"ik,zxcvbnm2021",1
mju567890,1
QAZWSXPOIUY,1
ol.plmokn2021,1
QaZwsXpLMOkN,1
1q2w33w$x,1
Ujmlkjhg,1
xswhgfdsa,1
qw3r@$df098765,1
zxcvbnmp;/,1
864qweasdzxcvbn,1
qweasdujm2025,1
Poiuyujmnhy,1
qazwSxyhn,1
QAZWSX)P(O*I,1
@asdfghujm$,1
l;'kqwea$sd,1
asdfghtgb2021,1
ASDFGHL;'K,1
Ujmsdfghj,1
uJMnHyzXCvBNm,1
wsx1q2w3e926,1
wsxedcp;/146,1
tgbqweasd2020,1
nkomlpghjkl,1
Ujmwsxedc,1
ujmnhye^dc,1
qwerTYl;'K,1
0p9o8imnbvc209,1
l;'kplmokn2020,1
plmoknq#azwsx,1
qa*zwsxqaz,1
&lkjhg0p9o8i#,1
wsx0p9o8i,1
zxcvbnl;'k361,1
mnb#vcujm,1
123456asdfgh,1
@$dfgh098765,1
lkjhg3dc,1
!1q2w3ezxcvbn!,1
ghjkle3w2q1,1
qazqwerty573,1
plmoknol.2021,1
0l.p01uy,1
zxcvbnm7gb,1
@;$'dplm0kn,1
p;/a;s'd,1
!@#$%^L;'K,1
lkjhg$dfghj,1
@;$'d7gb,1
"ujmnhyIk,",1
#EDCZXCVBNM,1
i8o9p0654321,1
qw3r7yp;/,1
a;s'dp@lmokn,1
ujmnhylkjhg,1
zxcvbnlkjhg2023,1
ol.wsxe$dc,1
p01uyqw3r7y,1
yhnmjuhgfdsa,1
098765wsxedc,1
&3edc0p9o8i$,1
nbvcxzk';l,1
120p;/123456,1
OL.QWEASD,1
zxcvbnmmnbvc,1
155qazwsxrfv,1
1qaz2wsx123456,1
yhnmjumju,1
#EDCPOIUY,1
"Ik,qWeAsd",1
1qaz2wsX098765,1
188wsxzxcvbn,1
ASDFGHZXCVBN,1
zxcvbnm1q2w3e,1
!ujmnhytgb^,1
qweasd3edc,1
edc0p9o8i424,1
123456ujmnhy,1
20tgbqwerasdf,1
3edcsdfghj510,1
A;S'D!@#$%^,1
Qwerasdfzxcvbn,1
qwerasdfl;'^k,1
42lkjhg098765,1
zxcvbnujm2021,1
P;/1qaz2wsx,1
$plmoknlkjhg!,1
Wsxedcol.,1
691l;'k3edc,1
"Ik,QWErTy",1
l;'klkjhG,1
935lkjhg1q2w3e,1
sdfghjol.633,1
1q@z2w$x@;$'d,1
@sdfghjwsx*,1
L;'k123456,1
Zxcvbnmujm,1
721edcmnbvc,1
1q@z2w$x123456,1
$123456l;'k@,1
%qwertypoiuy$,1
0p9o8i%rfv,1
)P(O*IQAZ,1
mnbvcol.738,1
0p9o8i3edc381,1
"a;&s'dik,",1
sdfghjqazwsx,1
plmoknqwerty303,1
.loghjkl,1
ujmnh!yl;'k,1
zxcvbnmujm,1
zxcvbnmnbvc317,1
P;/qweasd,1
poiuyqazwsx2022,1
yuiopnkomlp,1
poiuymnbv^c,1
ujm*wsxedc,1
lkjhgw$x3dc,1
QAZMNBVC,1
fdsarewqyhnmju,1
asdfghl;'k457,1
q@zmnbvc,1
0p9081zxcvbnm,1
sDfGhJ098765,1
wsx123456,1
$0p9o8il;'k$,1
Qazwsxsdfghj,1
edcplmokn356,1
UJMNHYOL.,1
ujmnhy3edc,1
zxcvbn1q@z2w$x,1
nbvcxzhgfdsa,1
225a;s'dplmokn,1
tgblkjhg2024,1
Zxcvbnml;'k,1
yhnq%werty,1
123456qaz38,1
59qwerty098765,1
qazWSxqWeRTY,1
wsxedclkjhg931,1
vfrjhgfds,1
ujMlkjHG,1
zxcvbnmwsxedc,1
ytrewqnhy,1
edcplmokn684,1
pl$moknqaz,1
SdFGHj098765,1
WsXeDc3edC,1
1qaz2&wsxol.,1
098765rfv,1
1q2w33w$x,1
1q2w3eplmokn,1
^asdfgh1q2w3e%,1
&l;'k098765%,1
*lkjhg123456%,1
zxcvbnqweasd539,1
P;/PlMOkn,1
"*ik,1qaz2wsx!",1
Poiuyrfv,1
zxcvbnqw3@$d,1
wsxqweasd,1
Qweasd0p9o8i,1
1q2w331q2w33,1
ujmnhywsxedc686,1
Asdfghplmokn,1
$edc1q2w3e!,1
QwErtyrfv,1
xswzaqe3w2q1,1
098765Tgb,1
1q2w3ez@xcvbn,1
212098765zxcvbn,1
Qwerasdfrfv,1
qazwsxrfv,1
Asdfghasdfgh,1
plmoknplmokn277,1
mnbvca;s'd685,1
Qazmnbvc,1
zxcvbnmplmokn,1
qweasdyhn,1
qwerasdfwsxedc,1
WSXEDCRFV,1
e3w2q1.lo,1
ol.zxcvbn2020,1
935l;'kzxcvbn,1
Plmoknujmnhy,1
zxcvBNmuJM,1
QweRTysdFghj,1
123456a;s'd2022,1
uJMqazWSX,1
7gbq@zw$x,1
3edc0p9o8i,1
718123456qweasd,1
18wsxmnbvc,1
0P9o8IpLMOkn,1
yhna%sdfgh,1
ujmnhyqw^easd,1
zxcvbnq@z,1
wsxedclkjhg166,1
123456qw*easd,1
qweasdtg&b,1
!asdfghl;'k^,1
e3w2q1k';l,1
QAZWSXEDC,1
!l;'kqazwsx!,1
wsxqwerasdf2024,1
zxcvbnmmnbvc,1
Qwerasdf1q2w3e,1
Ujmnhy0p9o8i,1
Zxcvbnol.,1
@ol.sdfghj^,1
WsxEdC0p9O8I,1
0p9o8iqwerty,1
zaqcvbnm,1
mnbvcqweasd767,1
p;/asdfgh,1
m%nbvclkjhg,1
zxcvbnmqw3r7y,1
zxcvbnm123456,1
edcpoiuy,1
0$98765qazwsx,1
plmoknqaz724,1
QWERTYPLMOKN,1
MNBVCSDFGHJ,1
w$xqw3r@$df,1
&plmokn1q2w3e!,1
qazujmnhy578,1
Rfvlkjhg,1
jhgfdsxsw2zaq1,1
098765l;'k2023,1
@;$'d1q2w33,1
281wsx0p9o8i,1
xswzaqyhnmju,1
wsxpoiuy,1
w#sxsdfghj,1
Poiuyqaz,1
qw3r@$dfyhn,1
qazwsx098765,1
ZXCVBNM!Q@W#E,1
243yhn1q2w3e,1
633ujmqwerasdf,1
rfvz%xcvbn,1
")(*&^%IK,",1
255sdfghjujm,1
$wsxedc123456&,1
d's;ayhnmju,1
qazwsx1q2w3e516,1
yhnqwerty2024,1
lkjhgqweasd931,1
%poiuylkjhg%,1
3EdC0p9O8i,1
qweasdol.,1
)P(O*IUJMNHY,1
ZXCVBNZXCVBN,1
3edcqwerty2024,1
asdfgh1q2w3e609,1
$asdfghqazwsx@,1
A;s'dlkjhg,1
Qazwsxedc,1
P;/QWEASD,1
p%lmokn3edc,1
d's;amnbvcxz,1
/;pxswzaq,1
350a;s'dtgb,1
P;/WsxEDc,1
sdfghjlkjhg2022,1
QWEAsdPlmokn,1
wsxedcqaz2024,1
Qwertylkjhg,1
rfvmnbvc,1
plmoknqazwsx,1
$ujmnhysdfghj!,1
d's;a/;p,1
QWEASDPLMOKN,1
wsxedc*lkjhg,1
qazas^dfgh,1
ujmqw3r7y,1
asdfgh3edc,1
ujmnhyqw3@$d,1
445ujm0p9o8i,1
p01uy123456,1
!zxcvbnujm%,1
3edc0p9o8i703,1
L;'kqazwsx,1
wsxpoiuy952,1
123456qweasd655,1
wsxedcmnbvc2021,1
Wsxedcqwerty,1
EDC!Q@W#E,1
Sdfghj3edc,1
Mnbvca;s'd,1
963a;s'dtgb,1
QWERTY)P(O*I,1
0p9o8ia;s'd2025,1
qazwsxlkjhg896,1
953lkjhga;s'd,1
QWERTYOL.,1
mnbvc3edc,1
yhnmjujhgfds,1
"qw3@$d1k,",1
ujmnhy@$dfgh,1
Rfv098765,1
482ujmnhysdfghj,1
"lkjhgik,2020",1
$dfghjplm0kn,1
ol.1qaz2wsx,1
ujmnhyl;'k475,1
qwertyedc2021,1
"ik,1qaz2wsx148",1
ujm1q2w3e274,1
L;'K)P(O*I,1
&1qaz2wsxmnbvc@,1
qwert^ymnbvc,1
369asdfghmnbvc,1
1q2w3epoiuy,1
L;'K#EDC,1
Wsxedca;s'd,1
wsxqwerasdf178,1
tgbwsxedc,1
qwerasdfqazwsx,1
qwertyqaz,1
Qazwsx098765,1
0p9o8imnbvc424,1
%l;'kpoiuy^,1
qweasdqAZ,1
rfvpoiuy2020,1
%1qaz2wsxujm*,1
403edc1q2w3e,1
0p9o8isdfghj,1
"ik,poiuy2023",1
QWERASDFQWEASD,1
WSXEDCTGB,1
"zxcvbnmik,",1
ZXCVBNUJMNHY,1
qweas@dsdfghj,1
a;s'dqwerasdf,1
PLMOKNLKJHG,1
cdexswcvbnm,1
098765sdfghj,1
zxcv&bn123456,1
Qazzxcvbnm,1
Qwerasdfpoiuy,1
zxcvb@nujmnhy,1
ol.asdfgh,1
ASDFGHTGB,1
0p90811q2w33,1
ujmnhyw$x3dc,1
qazpoiuy165,1
plmoknujm,1
l;'k1qaz2wsx305,1
edcpoiuy,1
&qazwsxol.&,1
sDfgHj098765,1
sdfghjujm2024,1
Wsxa;s'd,1
qazwsx12345617,1
qazwsx1q2w3e717,1
WSXEDCPOIUY,1
plmoknasdfgh,1
1234@56wsx,1
ujm@;$'d,1
Edcqwerty,1
cde3hgfdsa,1
^zxcvbnmrfv&,1
nbvcxzxsw,1
qwerAsdfWsx,1
123456sdfghj,1
ZXCVBNMLKJHG,1
^wsx123456!,1
69ujmnhysdfghj,1
ujmnhy1q@z2w$x,1
123456zxcvbn,1
*mnbvcp;/*,1
501sdfghja;s'd,1
1234563EdC,1
$dfghjqw3r@$df,1
@ujmnhyp;/%,1
SDFGHJWSX,1
*zxcvbnmyhn@,1
tgb0p9o8i211,1
*1qaz2wsxa;s'd$,1
567890vfr,1
@;$'d33dc,1
ujmq@zw$x,1
3edc^mnbvc,1
123456yhn,1
vfrnbvcxz,1
ujmnhy12%3456,1
"1234561k,",1
%qaz1qaz2wsx$,1
zxcvbnmqaz,1
qazasdfgh2022,1
123456qwer#ty,1
!lkjhgasdfgh@,1
A;s'dujmnhy,1
)P(O*IPLMOKN,1
HzMgvEq\H,0
[9[9kFg:'zI&,0
j8O'EJZu,0
+w=I1A\$:qQo,0
qw\!G4%5T#W8wew,0
#t*JQU+pGiiul_u,0
:^FiZ_T.ut08,0
%S4[WqTxx-*<~lU,0
;OY)X@;uOd*0%,0
FR!]!=D7|,0
EGH~_WCL,0
~solr7`dk[/,0
^*e+#;T?=P,0
!j[M*:Z-3q/(,0
jF:U+x<Pox,0
"c;n,kSjm88_cEXS",0
ug=+Nk'*9LA|A%0,0
E6W>923<q3z<,0
v4DBYYfA:mR3oWz,0
nE[[sSfq0<j,0
qS5Z}AwC,0
&]&m=5=`U9CZ*gk,0
BvJQF?`Hp%a,0
"O,t]DXtIZK",0
"nD=W;c#""lDy",0
"""~8z/^&{/`$[Xpi",0
"\Ro6""RcsYMviz",0
TP*C>3q8P=h,0
AQ`YrJ-aG9[ZUk,0
+Af@0}X]6,0
z_>V%E*h,0
@^<CPkYT|,0
V&KxIhIHm,0
a?K!Ue]R/zl.U,0
"v;v@lZ2p&""%sE!",0
_Gr~N~cg5.=RR,0
\/E)tHl6},0
gYdgR/=$,0
\.mNgO2;,0
"l/2JY(q45y%,",0
2bIBw;~@QrI2{@,0
"38FV'ltb""hB97_",0
D6!^Y4T#ix,0
QpWzcn./&,0
{Ko2q;KcH,0
]|4QCI6Z7%`_,0
"oNa)p$c""'?TQ~fL",0
!}Fuuky;Ha_`NS,0
"qB$kGmR;]+D""",0
^P|Rg!/WwW^^;LO,0
"IW+Y""(Ik`{2p[|",0
j8E'^GY_81*D,0
6(yl1FcosW#jD[,0
Q>$t4i;u#[QG,0
/%'a.nnP1IUnq,0
}4H<22n[`97s)w,0
x2s`9JanXZc`A.,0
q#Cq`YDQYZLg{.,0
/Z{CE9rV+|C:L'd,0
l=T)N'~V}cX78,0
>dK'z?&#482;v),0
ewELL1(94X^T)pH,0
==Bo8u|q#nF,0
kT`qcn8s0kyaI%y,0
]zsyepxm]Z._%Ge,0
Im7a\M>#b5D$~,0
"@h4)J}Ay??,Sq",0
v^TE)4_@as2A,0
7zq&k1.wTsO,0
92nZSnZ9Taa#LA,0
I0VY<?);3aQZ2<,0
0!g!h>9y=-U,0
"1xBsBL:,7X0^w|",0
_%=heUr%Q2,0
1LXv=(q@G/,0
jeJRVB*}(2[msfN,0
C53Pa!wTOuC`W,0
"8@y<t,XIlu[lXIz",0
"WjyNH,bmXIB",0
JEZkaZMuwZ>jNR,0
t|]U(hs:1!+,0
g~7nbhyNv,0
Bjd<y3>j,0
Y#Xix06PeE,0
rpg@eVTBDE9,0
IS&*:x{uf_n,0
Rgr:we?yW1,0
]VTPRX&!L,0
k{cNu`WXirq,0
k`~%g3H!<i,0
`o=c:5_Y@IG`mX,0
gX\NB:OjoVVU,0
0kd)mc8gH,0
YcPLR]haHy,0
<ajZbv;c6%,0
`HNdp\ojez]N14K,0
",rbl~wz64j`{",0
gomKh@9CM(.,0
Lm+Cti}geC67,0
"i)2S*""""vJp",0
7S)n.7bz\/q,0
YL%E2lZ4v+!9,0
xHjhB+'7(,0
"d@KwzDt""Fy,(0g",0
Zv+Htow8q~z7[Y,0
JifA:+&$pBC'tFc,0
49a_N:]>\,0
"~a,c#iDp",0
cX!P]<8z?);RS.Q,0
"+A@ww,o$I",0
`>[C(T1d=uI[0A,0
v\lO}H`O!e,0
2r9$jO6ce`03>d,0
CF)wEj?W!,0
_wh|.D'er,0
iDA]ZA}Os,0
"kPs:,S[ay""(T",0
#4p\7F<~RP3,0
`J$0oKTv$SXSJ},0
"y5""r9{uoVc9>'",0
j#M:Xx$+p~kI,0
FT_vdVRzfQ,0
!w_HFj(4r,0
&X}qx_1ys<!K,0
nRQIgPZ4),0
I3ra}<@L{{,0
h(ZodGd/Z,0
D=%BDAWyb^<,0
"3Z&U},S_p",0
S8NDc!g\Y3O,0
pq}&8'o)K,0
"MbXz,?8)i",0
Pf:n[).^{,0
31dWS<m:K?P/-;1,0
C~ua/N/h,0
q9yQsq[<D[D,0
PCP*Vs}IR,0
O2ik>V}cE98V~,0
Hll-RL~Ck!OH,0
}=gmhff_!dbJy,0
_M%Kazj_aG,0
z(DfpAuoJ]3%2t,0
t]ae:_L:&~,0
R+#0c=WfoPEm8,0
(h6}5T{]Y/a6\,0
"kK""M=Lpp.|_`X_7",0
p]f>}XVl?Q;$q!,0
":0!X;?)#Z;r0""w3",0
LLZZ5L6U\-,0
MUk'DN[JKbdh,0
&%o\(WC`L$5,0
X]Rw*u/UTLuv,0
Ki\iW=xK}Y,0
D3\eogts,0
hw9YdGl4t,0
lAOBPCVW[-?wH/,0
C;=D?y&[,0
+h[CnniuZEo#fq,0
-=-e!}>b[,0
mapNMixmGatZ3,0
"@pO\,.Sm",0
":z%XU""S|B9",0
mB3OuAkH,0
O<|M&t<'!0OD@},0
#ur:680;>Y<^,0
/'X_y;={e|>KT\v,0
Zs<CftxezwF8,0
<H$\>hV~A,0
(NNqgs:P,0
PNA0?3@{</Y#*,0
eIWsf=Cw>WCq,0
"""3OZS3N9pCco=C_",0
"^h$Pla2J=N9G""",0
IPlo;uvcO*s<u&r,0
qSPZa#6XN,0
JK=[^G6Ge/z%,0
X<1<%p+)l,0
Hj_Db(:/'YUDN,0
mMG+$Zd7,0
+UhJ0h<fs>Mnf,0
>d7|wHp&-:(Qh3q,0
ufbi=OSIH!5X+,0
]Q2UR#s{thp,0
lxP91O4dKO,0
;AF}*[VMe,0
HWle>C$({9-`l1,0
uK2*SShX4,0
fgb/t0>x,0
QodB]:rVPc_U-=,0
l=Yj$khs}Q$,0
RqnsNE}!!(nT,0
VxAbj$h{e'-{P,0
[7hxR;T>~5'K,0
"_e(w,G)3*`n,8",0
h(E_0nb{A/Sxv,0
ahHb3a1g$8@4Uk`,0
"""n(S]{;[bwa4nZ",0
}RMa-%jVd,0
"|A<,&,*{",0
$'X5@Av!CPode,0
._TE6SKABq_,0
uE`%Uv{6,0
K;v8ULpUr,0
N^RVGsM2,0
mHpHvhLFXUz,0
[RMfRAu8i3)O(w,0
F'b(OY=D45.B@,0
"<,qEqMv_l5",0
I+inBv|fft=e$#,0
"""N""j,iYaAn}",0
:0=\T4G'rH=~'oH,0
)k{4Y%oWBGU{&B,0
T26a/}T.7,0
!XAw}vMt:Y?5,0
2rR/z=2],0
a6}d|3o(!@,0
}\Q:/j\RhL=c,0
/UqH(r*6,0
"0|o_X2$D},\8u+\",0
q2(gG<C<2pzx'R,0
JI}.|0X&1m_e;3,0
"Eb""HP?!UFnoh",0
)`F2yOP3q>EQm,0
CTQcMQt>`$,0
GK-TRPbE,0
"K""gZr:Re",0
Nhes+JbProB,0
Z&zms3xo?p3P,0
k/ILf3xt$<ozXR,0
&&-9*<4CaT,0
y<rWg5&k)bf9>],0
@TVR=n@6b1,0
gr`]5fP4!x<_,0
(#akV+*D8emzj,0
Cp>$Yxgc,0
)Zg{BIhYu,0
~8(}/7z0&W,0
5kS$j(euO/,0
FGfk?tO5UP(e2u,0
!L&-L|di,0
eP~@/|p;_Qdc&jg,0
Tl`\$`BqK,0
kHl\w)aN-),0
"n""jj(\9@Tvup",0
'=O*5\.Xu)gL&D,0
"|L`7${>@,q",0
-fo6h_p.<KInuj!,0
.[G2^G#r{,0
aYPfXLV;xZDKrd,0
Q>>zYt04<t9,0
ZcJFqKKA,0
^_$.Fz+[{g,0
t\)hcJGf>8bz:,0
)!M.#TQQ|0!!,0
sge>f\/WqlHnZIv,0
yaRp*<5'H\,0
JQR|-B6@ip3,0
fI*U{!E#y,0
V.U[nI3w$6u46,0
TUYe#Xnt\M,0
~J#:BvnW'`(/jj,0
zyD!p%kr\J;k&,0
"r4,D2G*G",0
"J+Y]u;g""y_GPI",0
0Rf=XQ\}3\$,0
(il1({/~$.],0
W_HFR1$QfK6Ro,0
1.i*b.LSdGs%,0
L-n&Xa'|jy,0
46QO<G)*(Kb,0
%#$|N'7EUsL,0
"|]$D%RSK0w""@7",0
"[RnZ""jvO+N|,",0
P6=(lH6<N{vhLP[,0
"~wEy""=B:$",0
+lw{WK2&y9}^,0
{^+>5JRUv,0
F1?B`pNq2^^},0
TU'/\OT71E,0
3hK(Guo~e@,0
^GTGP<Gg3XVu[Zr,0
<xTncc:YOD9@I-,0
AUGX/nUTk'idB:n,0
1|$6\m9+{XVj,0
_P6+#Ui-ht,0
F/%/cYXp\/i5^>,0
&:;>qzbB.P<Yl,0
q6n>{K_v;,0
ru+p+Ug+|sQi1J,0
"|""@2'{+?s",0
[>Zl^nq1R,0
EDT8wh!~wY9@LAk,0
D5=eCJVmrENy;_,0
Vb7.\M3C1b'B,0
2NvZg%7bu;%I,0
"v""LM<h/-FAp",0
H'%S(\HJ^EcCgV,0
INT+v9-}&y,0
Tk%f;)TaU=qlA!,0
|LOcxJ<S`O,0
W1;zs@AI5,0
jZK/tWvm#q,0
g_pn1x/~JmsXA<T,0
Fyx6>LL>6~;~),0
SWIb4m@\K\F^X,0
o3jmC4(z,0
2<~d(HHT&)NC,0
0G;M{=AaPCG%ciV,0
"mb""qi_j'5X,%=R",0
KW^\;g5beL.,0
)!8[=]]K{0!@H,0
N#$X#^(7iO,0
6&'H0S&0.MvM,0
|#%1Rs#XG,0
O2:I@!i1nn#2=,0
!7}}F6#~;gfW\,0
8}d~PpJ76Rf,0
MgRH3iKfL,0
i?d-:gTB'sn,0
|*{a%%RRN,0
v[$?a8x$7,0
zRCw8%HBv)-*,0
"[s8Yfokm/F,K",0
7o6d-P0E4c6<[,0
\T}+Ng/6D&*,0
"v)QPkLv>Sy,L|#7",0
.:ev-o;(;iqZW{,0
"hruZZ%,5",0
{:LN&cxM/6QG~Q,0
vJHiK3_u@*i,0
"(!(;5bJ3""",0
hdrYpaMwX,0
KetRPj![X$P,0
yeM)&Cz6'+f5Tw,0
ah9qtaf>h6G8,0
":Rph,sNz5{)w",0
$-H4LF2.,0
}Ost(?48wHgdIk,0
a\K\F$.s7r*\56<,0
"w=r%%~fK,jLj#",0
aaF[hz^S=?;@Q/,0
xh#o2w<!p,0
.E[W)`6Owh,0
40S&Gq:=_,0
s'=Wp#G>jiO,0
0.&QuY%if@,0
hbd0>Q|dfA).,0
<LjTB2#PugW!,0
J'iUDUyjXQ,0
"ypF|\Yj~[}?Iu""",0
#?g3>YbqE:Y,0
&N!\q}ArSY?',0
Nc/H:T#OR@W,0
"V@yh""=(xiDC+|",0
tN:Jv8k!,0
"bI=,P4:cX",0
",Chf4+M%F",0
Lb8H4);]MBE.#3,0
__k&3PS!O],0
z]*1p:eW,0
m]RNw7arX{},0
mn?}9^60^p,0
8:XcM:4iybp/&W0,0
y@9YE_Hd[AI0\o|,0
*b`c5+8K-EpK,0
"b""`?wcH97[w,X{",0
"L[&htg/3jE""",0
"!""uu?g;MOs6GV",0
wv3x5.y$-),0
"_/LKV1&c,'UR""",0
=I9C$3tnF+OSi^j,0
_ck@>!'?*,0
2R?Zv9[KURPm4,0
3.[m75Xy&&Xr,0
"/d""|Fu+nvo",0
"t>3,=ro2I%<.s",0
-mzTzlQC,0
fQ&6r5kvC,0
y9P-}3ue5I2{,0
",3$MhSM/",0
&VD#b1J4AF`,0
_J~lGAIk7UE0%O/,0
k3fV%tMB,0
!baZkl!u>,0
"Ryo~#@Ch_""`iz",0
<z/\M|0\*EB0,0
O%(g`h8z#sTCs,0
^MT~{-*zMqd&\?0,0
%(:E=9z^zSo,0
]7*>+;39\^eAe4,0
ARNd-po*=\BH4z,0
"44AH$],GUJtA",0
}S*D)F^o|CT!N$i,0
",87h.uA:\5UFw",0
o68wSvL8~GqX^+`,0
"nNjm;}""&1Y?!w$j",0
Ldz*o_ra7iK,0
]/th\Ik0Hz&^i,0
b48gl#d}o,0
3gyj0>6o&/Eo+,0
"S5J8'NCh@z0^""*",0
;Hx~gMs7U!,0
~~#&0XNAkN,0
o0.O3;.s0I}tBSD,0
"YiArs""AO",0
"Ni2uq8^1f,x4HEj",0
DuxMN<4[DorET,0
]TKKgOU8,0
J*[*x?na--+']VS,0
{-u-^yev&K;4@<o,0
?dH\K_w^wMz8uI,0
b*KTuox#2Hkq,0
k#V^b>5*]$,0
",>A3O$>C'g",0
'3Q%ZsanNRr.,0
_;ze9={`M,0
+[9]:V?H`#q=,0
yF7z_padx)U,0
MB|S%m2U,0
>(<&;Bl:+#`&,0
*[O36?cQtupSQ,0
4#[mS%miq\Lj,0
Q;%@<IO.,0
:E-=y$EC@>uU,0
mY3(`~Su8j/a=B,0
MVIMN}.~yJ,0
gs\PylX@P,0
@26]P-h=Z<,0
?1+ZPOl9?S{I@,0
"ae'n0PJH&j"">",0
Day'w:Dq,0
w#B?vqP29\?5w,0
S=[}*6W1r,0
V7l%f_P=_Xp8u|E,0
">P3,9&*^hQLo",0
&DEm>?du#8vy,0
"1[L~""U=X",0
"k6Lc""v[{HRV@5O",0
Y_oDTe)o\`#K,0
#_+VMHpD,0
",,bzC^~-c1ty,GK",0
s[s}dBHE>',0
Dio;k&@\fi,0
z+HW&{~l4,0
"NgK""uIRg",0
(YB(.V+CcVJ,0
J<XDQ9^D]a~3,0
~x26SM[$G4+G,0
"rQ,c8-5`]|TqM",0
h8<S:$Sv,0
<2qobu#K=2?%TG,0
?7'q+?*vw{,0
H#Dr`S$rWf4C,0
q-fa%i]xeP_>,0
D1yI#P_V=2C,0
E_iu/dqa|I\_1y2,0
?p}$0FLT?mHf6z~,0
!ah3r+2obXR,0
Diz(Aa?hO`B@L,0
"-hP~O#JL9p,y",0
cB}+s)ma5pS9*g:,0
kj.vE>u$XMk,0
z2eZs;z1r,0
*qdko[Ra,0
"!C]_(d1o""lX",0
Yk0<dp|s3_L/,0
ra#tBiI9+\Z,0
i1sHxWszD3x9k;~,0
"]=0v9#6S,E",0
+E^hlI8-hc$I&,0
$3@hb:F7uG6yc5,0
zI8qGAI809L,0
ZlTW24^ptDLP,0
~~/hn>[W,0
"k""{~Q}9A",0
gqZ0gzVKn,0
"!,p3l3%n(ZvsAp",0
F'3s(mX0[hEAQ,0
"89,p:E'k~",0
#&<k#PP3yJ\L,0
7Vq)KX3wlQlE#q<,0
PBd(?r&jkG,0
"Mdu{sOf*0:[N""j>",0
)Q9wxuK\Y,0
"rA=<i,@'",0
nr7`C&(3C$),0
XT/C/]$*/N,0
\\CZ}b9k,0
S>Z5u^6H,0
>Vq@G/~bn,0
8sY`*+PHzCW}Q<,0
YDQbu*d`EQg=,0
"pz%""zK(Y",0
BCg5:`\ExNl,0
i{/?n}r8:c`,0
xINUB@V8,0
vzTDobv4pEg,0
PZ(e'V$R~PA`>,0
SxfA9:|!~Yy,0
^*k=c\7#Jv`J,0
"6X}Loqpe""P",0
"z""&/w(*@f%LSla",0
PL}X2sLtL,0
Q&9vkDq5GQ>P,0
"n-h9PVu,",0
u4VHsE^u{,0
"""D""9-CL2""uM,*",0
",(+q8<9>}a+~",0
"""h>\f(iW-+",0
S8r1P72aRX5<H,0
q#:q%xp+y!],0
hEaL&d(D6J<uP;V,0
";eTkY,OpL>>n8Fs",0
"Evs&Ll>|{<1$,I;",0
r#U!l__WIfFj:T,0
"XyB_,%Zc'-;",0
*(k$jlDT,0
boT{c^O4+@,0
FX3}bg=Alzx),0
NaPnGR1}Ba@7,0
r$e':F{A,0
"ird,*&!CR])O",0
_f_}sE\3G,0
S18X\J+9@Zyka,0
ev#SPM8]#<IB$_,0
FD@$Z<P4e~,0
|]~-_Ph8tohhr,0
?&*JB1j|w1y+Rv,0
Qa\S]Hrc3,0
/U*:\x;b+73'H{,0
ay6^btkgbDl,0
-JlHiggNS5[{g5,0
b;/NW\N9P{,0
l=)%[ujhIa,0
1$89~i*kGeh,0
*A`&$\sTk2tLn\,0
E+j'b^b:CAz,0
$vL?P>gw2GK`S,0
o[l3JsTgM,0
?6y%QHc~5,0
hum<vz-0.q,0
s[JMOz^y,0
L%!ntfGG?f*}Fn0,0
o[Pi%t)ZI,0
$kK6{#e{I,0
MXF8%Xnz)SX7,0
df}rNf\f,0
%<!Z7nP<s,0
"LPzC+tcn/ox""1k",0
"3$W#(""ib?*a9",0
b8m0}XVmp1%I,0
.lHFBSA#a=uQy,0
gn\.sO/b,0
&3gpH#)xJ::__C,0
w<54cC!4F!'8jx,0
"TkNmM""tt",0
"YY9HUDX**Fh,8y",0
0>24+|xwVoQM]>,0
\m>~@I>$/+sIJm,0
K]'51kP^R3T3,0
\J&w)'I',0
Al*y*-BQQ,0
@Y#|2MJF;,0
_]o3/.up,0
PGK%#h1{~#jA,0
\X;(VsO^,0
Yd_#:]*Kf,0
"%[G1'""];z",0
9FGh^TNZ,0
0wQ:-Gm+9{/(,0
/fLvvS/V,0
dN:zhDC(5jo,0
cQyy)c4%%=rTXf,0
%4.*Tqw~5z*b,0
?{/`e]9v\Tw>e},0
BeccBA8_t4,0
"z{>!""xIHS5jm",0
"""WN51NyL{",0
TGd!=^FXLCO~1nq,0
62iCM2<&l~:=,0
|3Td_%j~M/G,0
@gL.JyN9f+`$d#,0
rm[.#'i3:v+'R,0
sRVvL%Qxb]Q4#,0
.}};MEx46I8,0
hu4+4_/_qjlmK/o,0
Duw&L(Oa/Dwo%,0
^<]89H_Z,0
&pl|wf;r[^k/52,0
i4C~RbUh:,0
c)Z!#^Cb;<3hHt,0
T0=x(q1)3);({:1,0
hhuX>y2|2K02Vo,0
WDykRg>[9*.\,0
H|L'VEPR5zqWk[d,0
~J6Xb>>cH;,0
S@r'O-\v,0
Up8.t(5C3<!>Giw,0
ND5*H/1BN3Na6y,0
nFcy_I[:7o,0
F6@#p65a,0
XHXqcH4I4,0
"gUv/""uVVG",0
"<,rJ7-t2zSF1",0
c$_3RT8E={to,0
E.l]D2yh+=,0
=.rErI-@,0
"Sl+,x1[s**52p^",0
",uj}Pzir)",0
xz7vl_ftFZ[,0
InbLh{VS$[TaWbU,0
{X&qFDSeS\,0
!;p)RZwqhn,0
5[ETKhq.l'+Dt',0
"""/Rw[@1tS""M",0
7Rd0!;#uDn,0
8C+#&RUMI,0
GRKn)Fd;aiD|E*,0
DkPsOB3@7&#,0
!2xLS6LmqNeT1,0
Dy{5qEO@0;TT;,0
v+$.jwNxk+a1q,0
1ZK!4:Sej,0
/+PTZtiN,0
"T#Lkpf,[i^Xob",0
"N0dmPwx""J/",0
#iWq3moS>#os$zt,0
]$d$kR:7u{d,0
4WgXB}}mO,0
"C4d\}""q(",0
J4CDWE5clUR{,0
xw(Q<;z^pLiN`H,0
n4wdl`BdMt&o,0
"@,Q*~0tFbCZ$",0
0XY`EzO;`,0
RsA!ZCTI~v,0
I2`=28K%ECV8,0
REa9SSE2{T{`ClL,0
"'b{""8dOrED8ywz",0
BzS0L6&wflX~,0
lPY`?UUdz-,0
2>/|g3YgG^,0
zPX2k=}m3,0
!q;>DP!uzR,0
Z\dn+d?xngzGD,0
")OvtMl,[$1",0
"a%&zX(h!mhz""*LD",0
w!)_qe#$9xIZ#3t,0
cm~p</OQ,0
noNeIU*E[/&#,0
{<6kv4q!,0
"GX$H46""IwRvv",0
R37ngfqr<{<|M,0
">l\TO9nn,RW$D)",0
h/~}eyAm(Qe?,0
?2]\JZ^g!b.!|t,0
U}~fp[-1QA8+}\|,0
"<RY<\W,5,#&r",0
.UpLBLdT$/Jc,0
PIE3O'OF[%w/=3l,0
Q590iHybk,0
\gmlss3&FGk,0
'4NwGpX3~QYN,0
LxoVE/Sc.Bz*o,0
9W]MptJx`7]{hpR,0
7)sNz<)Q6<P,0
E~[GupppZ)@mhP,0
QT2oUIVY|n,0
0v;\/{;EoGd>,0
6^h.QE:s,0
"x{G~+""q89%r",0
a+Jl=n.s<W4'(e,0
2O{o)*sK@pqJgV,0
Z*pk2AN%I9mgU,0
v#UkLY9F-P2q+%,0
";tZaIm_)e""b887",0
/5<g:I=}Y,0
\]<k}?33A,0
tO?S-rCcgwX,0
iR{ZPZM[oCtm~,0
Gi.[:9bl,0
W?:2S9_Y\,0
SQybO:aW;j7)},0
LU0OoQq'Wt7.%,0
J'ui>2p4`!dm,0
}n^9YH#oy,0
x3AG2#>kaBaD@,0
"h{&P1[;J-""",0
pb+I}shJhdUa}Fb,0
R2;T_37Th{`*',0
g`08}#CG7v@;Je[,0
"sVDH2,s=\(GwA",0
WtiUR-~Js,0
"|o|J.?V""|M",0
PT:gsCWwIx($@rm,0
r()>J`nAC{[`,0
lm|#<H5MY#I^,0
_[L3+F]s6LhVO,0
BxP+0!HA!H>,0
Cvz)FGHx>,0
AX[^ca|v,0
r47-1ESI=LT|,0
b`n;n|-G<$3tLL,0
./?rbYh~,0
y:7$<AM\%,0
"\oT@vrp,/].9I",0
gGV)!u2H-g_?e,0
"q,xpk_*U",0
s?-2oH+0,0
Ct|es]5gB#`;z2@,0
XD3{+;.S4UcZE@i,0
pO8Z'<Cvh7,0
IfARhU@-V]NH_,0
YRN\J`=fe>4eL},0
sKnEt@[_KYN},0
"rh~m],ewjEVGJW",0
"nkl,WSU[$CVq4",0
"?PfL$1\.Z,",0
"&F[_J^,H9",0
c>+td]EC[k?*B45,0
z&o#%L5N,0
`ZxLyMXv{nTqu{,0
^z{7XK8o*^~X}{,0
a=%AHJDb,0
"aZEqe,Bu|bJWI",0
R&|mI((<#s(,0
t?v0FS4D=lbh,0
"Nw-M,2s(",0
l-EQFYhGvVv7sL,0
n/3\G-Fvm\b,0
6|gM%%`vi[woX,0
"M7`qA,i?gFZ",0
6WV6a;8-;XxR$,0
":C,dv\cS?3(",0
y{EqRN%G'R,0
"m>,8:qlvrfw[",0
"@^+ea4yEU~<,5.n",0
zBOR`T9|,0
1n8M{8>5V=B]u,0
"@l{.VU-,1&VJz",0
3*{Ptz4RM.@5b,0
xl2M'r&yq\!t,0
"@k;ngNX,F}H",0
VpNI-bZnfp#IRv>,0
0p&zer6O)'ZJ8,0
pL/vgI&)_,0
"m,Bax5=mYcF/",0
;h^AbAuEoG|7)x,0
+4bJT3Q((gZnW,0
"/D<@o1u-L,AM?)",0
c7z^>cnf,0
")A$,a""JSOqSCTc",0
3R#AfGRs]jHn,0
sjcv.:ayQUCwwV6,0
"n,$oN.f'@",0
xi0#89F94(Js,0
"}Qp?""6:dMb",0
s&B1tsA^;Yn4,0
;=Cq)wQ6s~,0
FOfU}22|1,0
`gC\@Qn+K<C,0
xV|ZZ5`B,0
w`D6DevV6'X#4P.,0
|7]IyGh<U#N2Y,0
T7?#X)MKb=WqzDU,0
Q!bM&}Gst{#n,0
&9\%!nZk)B\M!,0
"],LVeF3s",0
sqx.\Q<2LJ)T,0
-ofYG\Es=DS,0
.aHGyd`H,0
(8K5[1h`,0
"4m,\#@g9B",0
f'y&J)M:>k+{<@,0
OaoBa|5mE/v,0
9H!g[}&/hH8}4\,0
_0w#.h$AK7}H,0
"ii=F9k,wifr",0
gN/;^UC!My2C,0
~|xMoyDE0OU-H0,0
7o}{uZj>,0
"F),)A)Mx|",0
N3R^RUFxB,0
smdxE]n\>,0
lv?cfk9BOP&\H]{,0
;ek.`lYpUP^AZW,0
..Sf6?S92J\bl),0
'XW]|3zs(C?vKOQ,0
C>a:gLa}pY&v5O,0
Ks$6Lb#vV`K,0
~3=M)XD^{I{YtW,0
u]+[4fBl},0
H$qjolyjV;%R=a,0
"vx,wQY%[mvt)c",0
#3Ch&fG+2kW,0
",f)s|Th2:lf",0
^A2H.fZr2Nwh2B,0
M47TN\*`OvK<&dA,0
#'IV~_$`D6],0
"!!M~+5'nx#""",0
Ot-'xwg{,0
y=--'[A~1j,0
DCF5^K3_heh,0
"zo=o9h%_,'",0
.t0o[@tjLA2knR|,0
"1Yt).+/&N,{~,",0
e_Ccr{\)-BGD*x,0
Jn?k9`TY+CONI|,0
q%*=T:y0KOB~,0
"&(TN?Ym5,yd",0
au5?2!-n4(uT2@,0
;G^qG]t;,0
"""Q$=l6COxb{@C\#",0
(6q6]y5~'%\a\i,0
#3&S\043H,0
uK[r([/q&Yh[o,0
T=|c$WK&,0
"2""ar$>V/&",0
"JWy)Q:#$,",0
@d]OLd.I=A,0
d\?O;jR#rO,0
9a&m}si5|kg,0
"!{9jU,ZPLl",0
~8.5]pukM#dM]3,0
k!uMGrEO,0
6FV6&0~\f,0
hM/J|UI>4,0
8(0na0-&U:U}cL,0
qWIsITYdtQ$?<j,0
Ti62UxPm,0
6gw5=ns6I&~^,0
v`mv7WBC*0>!j1N,0
"/,HK>`@rf-4a@P",0
?L<Mb*bZM|zK,0
J6vBLa?lp~l!qSx,0
Ti?}xi<&AS,0
[Qdsxb%],0
eowBS';~!l,0
7hWw&PVYNpZx)9M,0
p!#MiCV4_{i&gR,0
uM!P{bEadYYyYuj,0
"!T,LjNrF",0
;Iy$Uj&w<<t,0
+3XTdEsN}V,0
"|/Jd^2,~",0
b2m-<uee)~!,0
"{G*F,jHm",0
b[EYq2RM4se}D,0
+r-`6Mq3,0
t$6E*}9h3hz5C6B,0
Pv7a5CQh;-,0
NWf{y2_CoK2md,0
+7QIqQ3GehqR4,0
E_gOvgCbi'}1,0
HKA@)sQk>O,0
@(L}<z#)t,0
";,uLAcY2",0
xdm2P;Lz`>,0
"&rsensvW,",0
e-IaL~-',0
"07]9.9;?FEg><,",0
"d?fB2VV[CM^Y,",0
)=I51w/6HBOt\;,0
(wN]3Rpi,0
|Q'+zES8~6C?M\!,0
"z}-k}2B]Ao+""CH",0
""")5$3l6KAs",0
"UmC""1azC=r{""",0
t9)E^2_a,0
"?""KX3P:1w",0
2pvp]gmmu<k{a0,0
{C!:|yryM,0
;ZQn=d:FD78&,0
"D<+""Q<v`X_",0
#)lt!*V{Zu,0
Fgv+1&0][D=;cem,0
8Tj0icb#>j\iKC,0
9g.2`.eBT;hhh@,0
aPf+%P67Q.X{=,0
/j#LAwm4Q97,0
(fF@_?/%Qh,0
F^u<wX@M:Z<,0
g|8'm~=whE4/,0
eu=_PE]Fm|,0
-><T>[KcdRUdrK,0
u6KYF~.m,0
{T(0'{`!OgUtA,0
FV&T[*=fpW+1N1,0
}@7<8kKT&09,0
"~3N1,tM$F",0
"`]~s,9LVA*B9",0
os)t'<3${>,0
T$tHJxK}&QS,0
reIq%9C%.VY]\,0
*2P\Nve(!,0
"RdFx[8>-o,B",0
*2I9'MIaG_la,0
/NAb9:-sZ7,0
Btk0t\^5<Z9,0
q0_!3[}PP^|,0
"2srN=w~2=""<]>;9",0
"S,GH;OGBmu",0
b9Q8_L.CD\Az%iG,0
9T''uZq%}h?,0
3.PouqNmGr>7|SU,0
hXZ'Bdnwl7ulD,0
;9Jw4wb_t$0h\,0
",8Ir4-A`",0
"9Gyj""&>asM,jtS",0
kX71Nbk`URkD,0
9W8X~|C[v,0
z_$mQchUe2CO],0
DV`/li)`U,0
sJ^w!cgo2,0
cwy]gFq`i,0
y4A2G&uYP$5k9,0
b*Ls){(wcW.>HSY,0
"F1:a8-Y41(*|!,",0
",sW^jxOFu7TZs",0
_lu^(~eU`V2)R-F,0
-occ|[O<JcEha-,0
"bY""<YIb>=p#&F.H",0
"Vgho<=p""D\n",0
"f,t1QOf_uPuWF'",0
"w""5`3QcC(c*+Y*",0
26QFaH)5V),0
"9Dmn,9RMi7C${nZ",0
!8*]D!GFd`_@0|,0
"ryb`V*%C""$1Pj9r",0
h~M/hTXl~,0
2E(x.OgsZ3RAk<,0
XdkDY+<.gg[43,0
"?KB,:bRW",0
+NSvN5&hTjCA*,0
"Ft@~z,Bi@",0
zBno5jM1P,0
.kY):J~3W,0
6`Bm=Bt:,0
9as=jrtP-G2`!s,0
<Yq|NusJR8D+h'c,0
8-{(\T/U0KT=,0
"""c*iu>n.&",0
CKb<.E\nsN+Qn,0
"5cet3]""OmA4]",0
"$K:,3F""y)y",0
E^BWDg|h;m;$6?,0
0+7QH$Q-C,0
yzl/QwOTczd,0
ky=Vz)atsM4Ndio,0
U31.UyMf6_I,0
"T@zptGQ[~Y""SLv",0
O=CH=&|CavT&f,0
"!o<&""""#jVh?3d]'",0
"kUF""2Q6%h`L",0
"r``I/]]x1F\""",0
NgS(6k[C,0
+O'8hKA{m,0
7No6nPOj`%,0
"r>=[<[Rl:NQ-$r""",0
o_$hkL_a]m$,0
"""vxqMgom{Th}Yq+",0
wU+'VT5/:_^@sX%,0
&x/%8MOkd[aa,0
JL21Yj0oK,0
XLSe`DK^,0
$;Q#fq/dC0L,0
c5NY&G3=,0
^BM>w8?6',0
O2d_'9R7,0
Bce#[&`6vXH,0
HB%xZH|}d,0
KSAEHNE:{N#-q,0
|OPL;|a/J{t{>AI,0
~i\WYZ:Xic*bF,0
B$(T_bh'#v,0
Y&:&MNx.60wVa,0
-\+}*]y=14;,0
"URJ$.mDSm,rk",0
W[1$*D]A,0
$LmC[F15CY^,0
|7m%'v/mM-,0
"I-v3""CWNMCZ(",0
"""jJ^C8%O",0
'[te@Q%r(d!zT]:,0
87P@v-)q2?-n@<q,0
FmO1'ta?EGWeo,0
&:YHVVC0,0
"rlHXbh]Dp5""",0
@aaXxk&p,0
8!aY~-gq=M,0
Rg/y(^YG_3S49,0
R+1b2zy<,0
"GCbD:I$@9,k",0
rvKaKG!%'X0,0
]=OBtLJx,0
[qJ9%6f=QH,0
7dY!IrYb',0
"q"";>@/(T",0
iF}5@!lrRsQY`),0
`@9V0&r?Vkt8GV,0
